月日,5時,11時,17時
11/1,大東島地方は、前線の影響で曇っており、雨の降っている所があります。,大東島地方は、高気圧に覆われて晴れています。,大東島地方は、高気圧に覆われて晴れています。
11/2,大東島地方は、高気圧に覆われて晴れています。,大東島地方は、高気圧に覆われて晴れています。,大東島地方は、高気圧に覆われて晴れています。
11/3,大東島地方は、高気圧に覆われて晴れています。,大東島地方は、高気圧に覆われて晴れています。,大東島地方は、高気圧に覆われて晴れています。
11/4,大東島地方は、高気圧のへりを回り込む湿った空気の影響で曇っています。,大東島地方は、高気圧のへりを回り込む湿った空気の影響で曇っており、雨の降っている所があります。,大東島地方は、高気圧のへりを回り込む湿った空気の影響で曇っており、雨の降っている所があります。
11/5,大東島地方は、高気圧のへりを回り込む湿った空気の影響でおおむね曇っています。,大東島地方は、前線に流れ込む湿った空気の影響で雲が広がっていますが、雲のすき間で晴れています。,大東島地方は、前線の影響で雨が降っています。
11/6,大東島地方は、高気圧に覆われておおむね晴れています。,大東島地方は、高気圧に覆われて晴れています。,大東島地方は、高気圧に覆われて晴れています。
11/7,大東島地方は、高気圧に覆われて晴れています。,大東島地方は、高気圧に覆われて晴れています。,大東島地方は、高気圧に覆われて晴れています。
11/8,大東島地方は、高気圧に覆われて晴れています。,大東島地方は、高気圧に覆われて晴れています。,大東島地方は、高気圧に覆われて晴れています。
11/9,大東島地方は、高気圧に覆われて晴れています。,大東島地方は、高気圧に覆われて晴れています。,大東島地方は、高気圧のへりを回り込む湿った空気の影響で曇っています。
11/10,大東島地方は、前線の影響で曇っており、雨の降っている所があります。,大東島地方は、前線の影響で雨が降っています。,大東島地方は、前線の影響で曇っています。
11/11,大東島地方は、前線の影響で曇っています。,大東島地方は、前線の影響で弱い雨が降っています。,大東島地方は、前線の影響で曇っています。
11/12,大東島地方は、前線の影響で雨が降っています。,大東島地方は、前線の影響でおおむね曇っています。,大東島地方は、前線の影響で雨が降っています。
11/13,大東島地方は、前線の影響で曇っています。,大東島地方は、前線の影響でおおむね曇っています。,大東島地方は、前線の影響で雲が広がっていますが、雲のすき間で晴れています。
11/14,大東島地方は、前線を伴う低気圧の影響で曇っています。,大東島地方は、前線の影響で雨が降っています。,大東島地方は、大陸の高気圧の張り出しに伴う寒気の影響で雨が降っています。
11/15,大東島地方は、高気圧のへりにあたって曇っています。,大東島地方は、高気圧のへりにあたり雲が広がっていますが、雲のすき間で晴れています。,大東島地方は、高気圧のへりにあたり雲が広がっていますが、雲のすき間で晴れています。
11/16,大東島地方は、気圧の谷の影響で曇っており、雨の降っている所があります。,大東島地方は、気圧の谷の影響で雨が降っています。,大東島地方は、気圧の谷の影響でおおむね曇っています。
11/17,大東島地方は、気圧の谷の影響で曇っています。,大東島地方は、気圧の谷の影響で曇っています。,大東島地方は、気圧の谷の影響で曇っています。
11/18,大東島地方は、気圧の谷の影響で雨が降っています。,大東島地方は、大陸の高気圧の張り出しに伴う寒気の影響で雨が降っています。,大東島地方は、大陸の高気圧の張り出しに伴う寒気の影響で曇っています。
11/19,大東島地方は、大陸の高気圧の張り出しに伴う寒気の影響で曇っています。,大東島地方は、大陸の高気圧の張り出しに伴う寒気の影響で雲が広がっていますが、雲のすき間で晴れています。,大東島地方は、寒気の影響で曇っています。
11/20,大東島地方は、高気圧のへりにあたり曇っています。,大東島地方は、高気圧のへりにあたり雲が広がっていますが、雲のすき間で晴れています。,大東島地方は、高気圧に覆われて晴れています。
11/21,大東島地方は、高気圧のへりにあたり曇っています。,大東島地方は、高気圧のへりにあたり曇っています。,大東島地方は、高気圧のへりにあたり曇っており、弱い雨の降っている所があります。
11/22,大東島地方は、高気圧のへりにあたり曇っており、弱い雨の降っている所があります。,大東島地方は、高気圧に覆われて晴れています。,大東島地方は、高気圧に覆われて晴れています。
11/23,大東島地方は、高気圧のへりを回り込む湿った空気の影響で曇っています。,大東島地方は、高気圧に覆われて晴れています。,大東島地方は、高気圧に覆われて晴れています。
11/24,大東島地方は、気圧の谷の影響で雲が広がっていますが、雲のすき間で晴れています。,大東島地方は、気圧の谷の影響で雲が広がっていますが、雲のすき間で晴れています。,大東島地方は、高気圧に覆われて晴れています。
11/25,大東島地方は、高気圧に覆われて晴れています。,大東島地方は、高気圧に覆われて晴れています。,大東島地方は、前線の影響で曇っています。
11/26,大東島地方は、高気圧のへりにあたり曇っています。,大東島地方は、高気圧のへりにあたり曇っており、雨の降っている所があります。,大東島地方は、高気圧のへりにあたり曇っています。
11/27,大東島地方は、高気圧のへりを回り込む湿った空気の影響で曇っており、弱い雨の降っている所があります。,大東島地方は、上空の湿った空気の影響で曇っており、弱い雨の降っている所があります。,大東島地方は、高気圧のへりを回り込む湿った空気の影響で雨が降っています。
11/28,大東島地方は、寒気の影響で曇っており、弱い雨の降っている所もあります。,大東島地方は、大陸の高気圧の張り出しに伴う寒気の影響で曇っており、弱い雨の降っている所もあります。,大東島地方は、大陸の高気圧の張り出しに伴う寒気の影響で曇っており、弱い雨の降っている所もあります。
11/29,大東島地方は、高気圧に覆われておおむね晴れています。,大東島地方は、高気圧に覆われて晴れています。,大東島地方は、高気圧に覆われて晴れています。
11/30,大東島地方は、高気圧に覆われて晴れています。,大東島地方は、高気圧に覆われて晴れています。,大東島地方は、高気圧に覆われて晴れています。
